{
  "#ussr_vehicles:T-28": 0.5168539325842697,
  "#ussr_vehicles:T-127": 0.5288461538461539,
  "#ussr_vehicles:T-46": 0.3918918918918919,
  "#germany_vehicles:PzI_ausf_C": 0.4946808510638298,
  "#ussr_vehicles:SU-85": 0.5223880597014925,
  "#germany_vehicles:StuG_40_AusfG": 0.5470085470085471,
  "#ussr_vehicles:BT-2": 0.5504587155963303,
  "#ussr_vehicles:SU-76": 0.5393258426966292,
  "#ussr_vehicles:T-34-85": 0.527027027027027,
  "#france_vehicles:ELC_AMX": 0.43023255813953487,
  "#usa_vehicles:M36_Slagger": 0.41353383458646614,
  "#usa_vehicles:T40": 0.4264705882352941,
  "#usa_vehicles:M3_Grant": 0.49122807017543857,
  "#ussr_vehicles:A-20": 0.47560975609756095,
  "#germany_vehicles:E-25": 0.445859872611465,
  "#gb_vehicles:GB60_Covenanter": 0.4423076923076923,
  "#germany_vehicles:G20_Marder_II": 0.49019607843137253,
  "#germany_vehicles:Pz_IV_AusfH": 0.4639175257731959,
  "#japan_vehicles:Chi_To": 0.3333333333333333,
  "#germany_vehicles:PzIII_AusfJ": 0.37037037037037035,
  "#usa_vehicles:T18": 0.5692307692307692,
  "#ussr_vehicles:BT-7": 0.5197183098591549,
  "#ussr_vehicles:KV1": 0.41333333333333333,
  "#usa_vehicles:M10_Wolverine": 0.5470588235294118,
  "#germany_vehicles:Hetzer": 0.53125,
  "#germany_vehicles:PanzerJager_I": 0.5875,
  "#usa_vehicles:M18_Hellcat": 0.5041152263374485,
  "#ussr_vehicles:SU-26": 0.5666041275797373,
  "#japan_vehicles:Chi_He": 0.4642857142857143,
  "#ussr_vehicles:GAZ-74b": 0.5255474452554745,
  "#ussr_vehicles:KV-1s": 0.4772727272727273,
  "#ussr_vehicles:T-34": 0.41818181818181815,
  "#japan_vehicles:Chi_Nu": 0.46511627906976744,
  "#gb_vehicles:GB28_Bishop": 0.45
}
