{
  "#germany_vehicles:PzIII_A": 0.4489795918367347,
  "#germany_vehicles:Wespe": 0.37209302325581395,
  "#ussr_vehicles:T-34-85": 0.527027027027027,
  "#ussr_vehicles:T-127": 0.5288461538461539,
  "#usa_vehicles:M8A1": 0.44,
  "#ussr_vehicles:SU-85": 0.5223880597014925,
  "#usa_vehicles:T18": 0.5692307692307692,
  "#usa_vehicles:M3_Grant": 0.49122807017543857,
  "#germany_vehicles:Pz38t": 0.4444444444444444,
  "#ussr_vehicles:T-46": 0.3918918918918919,
  "#france_vehicles:AMX40": 0.46153846153846156,
  "#germany_vehicles:StuG_40_AusfG": 0.5470085470085471,
  "#ussr_vehicles:SU-26": 0.5666041275797373,
  "#france_vehicles:ELC_AMX": 0.43023255813953487,
  "#ussr_vehicles:T-34": 0.41818181818181815,
  "#germany_vehicles:Pz_IV_AusfH": 0.4639175257731959,
  "#usa_vehicles:M36_Slagger": 0.41353383458646614,
  "#usa_vehicles:M5_Stuart": 0.4666666666666667,
  "#ussr_vehicles:T-28": 0.5168539325842697,
  "#ussr_vehicles:BT-7": 0.5197183098591549,
  "#gb_vehicles:GB60_Covenanter": 0.4423076923076923,
  "#gb_vehicles:GB26_Birch_Gun": 0.5,
  "#france_vehicles:Lorraine39_L_AM": 0.5789473684210527,
  "#ussr_vehicles:A-20": 0.47560975609756095,
  "#germany_vehicles:Hetzer": 0.53125,
  "#ussr_vehicles:SU-76": 0.5393258426966292,
  "#usa_vehicles:T82": 0.4418604651162791,
  "#ussr_vehicles:KV-1s": 0.4772727272727273,
  "#japan_vehicles:Chi_Nu": 0.46511627906976744,
  "#ussr_vehicles:AT-1": 0.5652173913043478,
  "#germany_vehicles:Pz38_NA": 0.575,
  "#usa_vehicles:M10_Wolverine": 0.5470588235294118,
  "#germany_vehicles:Pz35t": 0.45454545454545453,
  "#germany_vehicles:E-25": 0.445859872611465,
  "#france_vehicles:AMX_12t": 0.46808510638297873,
  "#japan_vehicles:Chi_He": 0.4642857142857143,
  "#ussr_vehicles:T-50": 0.5,
  "#usa_vehicles:M18_Hellcat": 0.5041152263374485,
  "#usa_vehicles:T40": 0.4264705882352941,
  "#france_vehicles:AMX_105AM": 0.4897959183673469,
  "#ussr_vehicles:BT-2": 0.5504587155963303,
  "#usa_vehicles:T25_2": 0.4489795918367347,
  "#usa_vehicles:M2_lt": 0.3783783783783784,
  "#germany_vehicles:PanzerJager_I": 0.5875,
  "#japan_vehicles:Chi_To": 0.3333333333333333,
  "#germany_vehicles:G20_Marder_II": 0.49019607843137253,
  "#germany_vehicles:Pz_Sfl_IVc": 0.42105263157894735,
  "#germany_vehicles:PzI_ausf_C": 0.4946808510638298,
  "#gb_vehicles:GB28_Bishop": 0.45,
  "#ussr_vehicles:KV1": 0.41333333333333333,
  "#ussr_vehicles:GAZ-74b": 0.5255474452554745,
  "#germany_vehicles:PzIII_AusfJ": 0.37037037037037035
}
